"city"," start date"," end date"," start time"," end time"," title"," url"," source"," location"," weight"," tags"," content"
"beijing","2013/4/28",,"13:30","17:00","移动开发团队如何开拓海外市场","http://event.weibo.com/818639",,"车库咖啡（海淀图书城鼎鑫宾馆2楼）",80,"讲座","在移动应用开发市场上，大公司的强势进入，竞争的白热化，种种因素使得 海外市场”正在成为越来越多创业团队的新阵地。大多数移动开发团队的海外创业之旅都围绕以下的一些问题展开：

如何打造适合国际用户的优质产品？
海外创业有哪些实用的运营和推广策略？
海外市场对创业团队有哪些不一样的要求和考验？
如何应对新兴市场上不断涌现的问题，把握住最好的发展机遇？

本次活动将邀请那些国际市场上有优异表现的、身处不同发展阶段和市场环境的团队负责人一起交流，在探寻问题的过程中，让各自的成功经验在碰撞过程中产生新的价值和启发。已经确认参与活动讨论的嘉宾有：

海豚浏览器海外市场产品副总裁 王喻
3G门户&Go桌面总裁 张向东
金山网络 CMO 刘新华
infolife 联合创始人/CTO 汤城
智明星通海外游戏发行 赵睿聪
科技博客pingwest创始人 骆轶航（主持人）

活动流程安排：
13:30-14:00 签到
14:00-16:00 嘉宾Panel讨论
16:00-16:30 现场Q&A
16:30-17:00 自由交流互动"
"beijing","2013/5/4","2013/5/5","10:00","17:00","去798艺术区发呆","http://www.798art.org/index.html",,"北京市朝阳区酒仙桥路4号",68,"人文","北京798艺术区所在的地方，是前民主德国援助建设的 北京华北无线电联合器材厂”，即718联合厂。718联合厂于1952年开始筹建，1954年开始土建施工，1957年10月开工生产。
　　718联合厂是由德国德绍一家建筑机构负责建筑设计、施工，这家建筑机构和当年的包豪斯学校在同一个城市，两者在建筑精神层面上是共通的。其主要特点是：注重满足实用要求；发挥新材料和新结构的技术性能和美学性能；造型简洁，构图灵活多样。这种学派后来被称为包豪斯学派。
　　1964年4月上级主管单位撤消了718联合厂建制，成立了706厂、707厂、718厂、797厂、798厂及751厂。2000年12月，原700厂、706厂、707厂、718厂、797厂、798厂等六家单位整合重组为北京七星华电科技集团有限责任公司。为了配合大山子地区的规划改造，七星集团将部分产业迁出，为了有效利用产业迁出空余的厂房，七星集团将这部分闲置的厂房进行出租。因为园区有序的规划、便利的交通、风格独特的包豪斯建筑等多方面的优势，吸引了众多艺术机构及艺术家前来租用闲置厂房并进行改造，逐渐形成了集画廊、艺术工作室、文化公司、时尚店铺，于一体的多元文化空间。由于艺术机构及艺术家最早进驻的区域位于原798厂所在地，因此这里被命名为北京798艺术区。
重点推荐的画廊：（来自 知乎 鼎革 ）
01：UCCA尤伦斯：目前中国区排名第一的私人艺术画廊。尤伦斯夫妇是享誉国际的收藏家，他们的策展也非常专业，工作人员也是来自全球。尤伦斯也是798唯一收取门票的场馆了。（定期会有一些名人学者讲座，最近一阵子好像跟【三联生活周刊】搞学者讲座。）
02：蜂巢当代艺术中心（原伊比利亚当代艺术中心）：前一阵子西班牙抓了一个号称华人洗钱的团伙，这家艺术中心就是他开的。被抓后就改名了。这家艺术中心是目前仅次于尤伦斯专业的艺术空间，免费参观。
03：东京画廊：听名字就知道是日本人开的。喜欢日本当代艺术的要时刻关注哦。
04：时态画廊：如果你听说过798，那么一定是从这家画廊开始了解的。国产MV最爱拍摄的景点之一，工厂展馆内写着某主席语录的，就是这家。因为场地都是对外出租的，所以，这家画廊展览做得很一般。
其它还有无数大大小小的画廊，不一一列举了，甚至耐克还有一家属于自己的艺术空间，门口放着一个大球鞋。上面四个是必须要去看的"
"beijing","2013/4/16",,"19:30",,"德云社相声  天桥德云社剧场","http://www.damai.cn/ticket_13745.html",,"北京市宣武区北纬路甲1号",82,"人文","　北京德云社剧场位于京味民间艺术发源地----天桥，是由始建于一九三三年的天乐戏院改建而成，建筑面积近千平方米，可同时接待300名观众。由 北京德云社”演绎传统相声、鼓曲等曲艺形式演出为主。
　　 北京德云社” 最初由相声演员郭德纲先生创建于1996年，是以弘扬民族文化，培养曲艺人才，服务大众为主旨的曲艺演出团体，全体演员的艺术水平和艺德受到了京、津观众的交口称赞。 北京德云社”在立足于弘扬民族文化的基石上，以剧场为媒介向大众传播传统文化、民间艺术，让相声艺术回归剧场得以生存，为北京演出市场开创又一新亮点。
　　 面向百姓，服务工薪”，也是我们的经营宗旨，每天演出精彩不断，以低廉的票价、优质的服务、让中外游客了解古都市井文化，感受现代风情。
　　 酒旗戏鼓天桥市，多少游人不忆家”是对北京老天桥的真实写照，现今的 北京德云社剧场”让您纵观古都市井文化，尽赏民间传统艺术，令您乐不思蜀。
地址：北京市宣武区北纬路甲1号（自然博物馆对面）
"
"beijing","2013/4/18",,"19:30",,"德云社相声  天桥德云社剧场","http://www.damai.cn/ticket_13745.html",,"北京市宣武区北纬路甲1号",82,"人文","　北京德云社剧场位于京味民间艺术发源地----天桥，是由始建于一九三三年的天乐戏院改建而成，建筑面积近千平方米，可同时接待300名观众。由 北京德云社”演绎传统相声、鼓曲等曲艺形式演出为主。
　　 北京德云社” 最初由相声演员郭德纲先生创建于1996年，是以弘扬民族文化，培养曲艺人才，服务大众为主旨的曲艺演出团体，全体演员的艺术水平和艺德受到了京、津观众的交口称赞。 北京德云社”在立足于弘扬民族文化的基石上，以剧场为媒介向大众传播传统文化、民间艺术，让相声艺术回归剧场得以生存，为北京演出市场开创又一新亮点。
　　 面向百姓，服务工薪”，也是我们的经营宗旨，每天演出精彩不断，以低廉的票价、优质的服务、让中外游客了解古都市井文化，感受现代风情。
　　 酒旗戏鼓天桥市，多少游人不忆家”是对北京老天桥的真实写照，现今的 北京德云社剧场”让您纵观古都市井文化，尽赏民间传统艺术，令您乐不思蜀。
地址：北京市宣武区北纬路甲1号（自然博物馆对面）
"
"beijing","2013/4/20",,"19:30",,"德云社相声  天桥德云社剧场","http://www.damai.cn/ticket_13745.html",,"北京市宣武区北纬路甲1号",82,"人文","　北京德云社剧场位于京味民间艺术发源地----天桥，是由始建于一九三三年的天乐戏院改建而成，建筑面积近千平方米，可同时接待300名观众。由 北京德云社”演绎传统相声、鼓曲等曲艺形式演出为主。
　　 北京德云社” 最初由相声演员郭德纲先生创建于1996年，是以弘扬民族文化，培养曲艺人才，服务大众为主旨的曲艺演出团体，全体演员的艺术水平和艺德受到了京、津观众的交口称赞。 北京德云社”在立足于弘扬民族文化的基石上，以剧场为媒介向大众传播传统文化、民间艺术，让相声艺术回归剧场得以生存，为北京演出市场开创又一新亮点。
　　 面向百姓，服务工薪”，也是我们的经营宗旨，每天演出精彩不断，以低廉的票价、优质的服务、让中外游客了解古都市井文化，感受现代风情。
　　 酒旗戏鼓天桥市，多少游人不忆家”是对北京老天桥的真实写照，现今的 北京德云社剧场”让您纵观古都市井文化，尽赏民间传统艺术，令您乐不思蜀。
地址：北京市宣武区北纬路甲1号（自然博物馆对面）
"
"beijing","2013/4/21",,"19:30",,"德云社相声  天桥德云社剧场","http://www.damai.cn/ticket_13745.html",,"北京市宣武区北纬路甲1号",82,"人文","　北京德云社剧场位于京味民间艺术发源地----天桥，是由始建于一九三三年的天乐戏院改建而成，建筑面积近千平方米，可同时接待300名观众。由 北京德云社”演绎传统相声、鼓曲等曲艺形式演出为主。
　　 北京德云社” 最初由相声演员郭德纲先生创建于1996年，是以弘扬民族文化，培养曲艺人才，服务大众为主旨的曲艺演出团体，全体演员的艺术水平和艺德受到了京、津观众的交口称赞。 北京德云社”在立足于弘扬民族文化的基石上，以剧场为媒介向大众传播传统文化、民间艺术，让相声艺术回归剧场得以生存，为北京演出市场开创又一新亮点。
　　 面向百姓，服务工薪”，也是我们的经营宗旨，每天演出精彩不断，以低廉的票价、优质的服务、让中外游客了解古都市井文化，感受现代风情。
　　 酒旗戏鼓天桥市，多少游人不忆家”是对北京老天桥的真实写照，现今的 北京德云社剧场”让您纵观古都市井文化，尽赏民间传统艺术，令您乐不思蜀。
地址：北京市宣武区北纬路甲1号（自然博物馆对面）
"
"beijing","2013/5/18","2013/5/19","9:00","16:00","中国国家博物馆","http://www.dianping.com/shop/1767397",,"东城区东长安街16号",84,"人文","建议短信预约，这样能节约大量排队时间。
建议带水和少量食物，展览很大很费体力。
有时候里面有收费其他展，展览品也很不错。

开馆时间：9:00 — 17:00（15:30止票，16:00停止入馆，16:30清场，17:00闭馆）周一闭馆（含国家法定节假日）
欢迎您参观中国国家博物馆，我馆实行免费参观制度，您可提前预约或参观当日现场领票方式获得免费参观券。
　　
　　我馆提倡""先预约，后参观""的有序参观方式，所有提前预约成功的观众将确保预留当日免费参观券并可通过北门迅速进入场馆。
　　提前预约包括手机短信预约、网上预约、和电话预约（电话方式仅限20人以上团体）等方式，于参观当日在北门票务中心凭有效证件换领国家博物馆免费参观券，并从北门入场参观各免费展览。
　　如未能提前预约，可以在参观当日持有效证件至西门票务中心领取免费参观券，并从西门入场参观各免费展览。
　　
　　如有个别收费特展，将会在票务中心、西大厅服务台和网站展览页面注明，请至北门票务中心或该特展展厅门口购票参观。持收费特展门票，从北门入场即可同时参观其他免费展览，不必再预约或换领免费参观券。
　　
　　有效证件：身份证、驾照、护照、户口本、军官证、士兵证、中小学生学生证
　　儿童参观：有家长陪伴的1.2米及以下儿童可免票入场参观，有家长陪伴的小学生可凭学生证免票入场参观（家长本人需持票参观，20人及以上的小学生团体参观需提前电话预约）
"
"beijing","2013/4/20","2013/4/21","8:30","15:30","去法源寺清修","http://www.dianping.com/shop/1768936",,"北京市宣武区法源寺前街七号",86,"人文","法源寺建于唐太宗贞观十九年（公元645年），是北京最古老的名刹，唐时为悯忠寺，清雍正时重修并改为今名。
有明代木雕佛涅盘像，长约十米，是北京最大卧佛。
寺内花木繁多，初以海棠闻名，今以丁香著称，至今全寺丁香成林，花开时节，香飘数里，为京城艳丽胜景。
法源寺占地面积6700平方米，建筑规模宏大，结构严谨，采用中轴对称格局，由南至北依次有山门、钟鼓楼、天王殿、大雄宝殿、悯忠台、净业堂、无量殿、大悲坛、藏经阁、大遍觉堂、东西廊庑等，共七进六院，布局严正，宽阔庞大，是北京城内历史最为悠久的古寺庙建筑群。
1980年5月，日本国宝鉴真大师像回国巡展时，曾在这里供奉了七天，有16万信徒和群众前来瞻仰、观看。

法源寺自其初创至今，已有一干三百多年历史。据《元一统志》记载，法源寺始建于唐朝，初名 悯忠寺”。
法源寺作为一座历史名刹，曾经历过许多著名的历史事件。北宋末年，当金攻陷汴京后，掳掠了徽、钦二帝北上，就曾把钦宗拘禁在此。
2000年，台湾著名作家李敖所著《北京法源寺》出版后，在海内外广泛流传，使法源寺名声大噪，引来无数佛教信众以及寻幽探古的游客。李敖虽从未去过法源寺，但 悯忠”二字给了他创作的空间，这篇小说以这座古刹为背景，以悯忠为基调，再现了百日维新后谭嗣同英勇就义的过程。法源寺的历史厚蕴也可从中窥见一斑。

法源寺是一座历史悠久的名刹。寺内花木幽雅，植有许多苍松翠柏、银杏丁香，其中有元代白皮松、清代文官果，更有乾隆种植的两株西府海棠。因此，法源寺素以丁香、海棠闻名，令许多名人流连吟咏。
游法源寺的最佳时间是春末夏初，那时的丁香号称香雪海，曾与崇效寺牡丹、恭王府海棠一起并称京畿三大花事。
"
"beijing","2013/5/25","2013/5/26","8:30","16:30","故宫博物馆","http://www.dianping.com/shop/1768972",,"西城区景山前街4号",80,"人文","除法定节假日和暑期（每年7月1日至8月31日）外，故宫博物院全年实行周一下午闭馆的措施。每周一开馆时间为8:30—12:00，停止售票时间为11:00，停止检票时间为11:10，闭馆时间为12:00。
名气 太大”，既是本地人爱去的地方，也是旅游者的 首选”景点。一座座的宫殿，一道道的城墙， 红墙绿瓦”之间，隐约还能感受到 一些前朝余味”。第一次来的，建议 租个讲解机”或 请个导游”， 慢慢游览”，听听角角落落的故事，不然保准 晕头转向”，也 看不明白”。"
"beijing","2013/6/2","2013/6/3","9:00","21:00","国家图书馆 免费","http://www.dianping.com/shop/1770856",,"海淀区中关村南大街33号",89,"人文","总馆南区：自2011年5月10日起，进行封闭维修改造
　　总馆北区：周一至周五9：00--21：00
　　　　　　　周六至周日9：00--17：00 
               （各阅览室服务时间不尽相同，详见相关介绍）
　　少年儿童馆：周一至周日9：00--17：00 
　　古 籍 馆：周一至周五9：00--17：00　"
"beijing","2013/5/11","2013/5/12","6:30","15:30","潘家园旧货市场","http://www.dianping.com/shop/2053075",,"朝阳区华威里18号(潘家园桥西南)",80,"人文","大猫评论：您当怀旧淘宝游。不少有趣童年回忆。但里面老东西，越来越少了。
若看中喜欢的首饰，多走几步，开价350的，棚内大概20块能卖。
挺多特色小东西的，值得溜达。
"
"beijing","2013/6/15","2013/6/16","9:00","16:00","韩美林艺术馆 免费","http://www.hanmeilin.com/join_beijing.php",,"北京市通州区  九棵树东路辅路",92,"人文","09：00—17:00（16：00停止入馆，逢星期一闭馆）

 * 实行免费不免票制度。
 * 个人参观采取实名制登记，请在票务部凭有效证件登记领取门票后按顺序入馆参观。
 * 团体参观五十人以内需提前一天, 百人以上需提前三天通过电话或网站方式进行预约。
 * 免费提供中、英文讲解服务。
 * 免费提供特殊人群的轮椅、童车、无障碍通道等服务设施。

北京韩美林艺术馆简介
　　2006年，韩美林先生将几十年来潜心创作的2000件艺术作品捐赠给了北京通州区人民政府。为了收藏、陈列这些珍贵的作品，展示韩美林先生对祖国、对中华民族文化的热爱以及传播他的美学思想，北京市通州区政府在梨园文化主题公园内开始兴建一座面积近10000平米、融合东西方建筑美学理念的艺术殿堂。2008年6月25日，北京韩美林艺术馆在通州正式落成。这座静谧大气的建筑不仅成为了首都北京的文化宝藏与人文景观，还与2005年10月19日开幕、位于京杭大运河另一端的 杭州韩美林艺术馆”南北辉映，彰显出大运河的厚重历史与文化张力，将一种深沉的地缘和文化归属感传递给了有着南北血脉及浓烈爱国情怀的韩美林先生。
　　全馆包括序厅、陶瓷•工艺品厅、设计•装饰绘画厅、雕塑厅、国画书法厅、新作厅、影视厅、制作车间、艺术品商店以及周边的天书楼、陶吧等相应的文化设施，为艺术爱好者们提供了参观、交流、互动的文化平台。 
　　该馆由我国著名建筑师崔铠先生设计。他的设计理念是：艺术馆作为梨园主题公园的一部分，其位置与形态对公园的空间格局产生了重要影响。如果我们把整个公园看作是一幅自然山水画，那么艺术馆正好是作画完毕盖的一个印章。印章与画的关系对应着艺术馆与公园的关系，彼此缺一不可，相得益彰。而书法与篆刻恰好是韩先生艺术创作的一部分，因此选用 美”字作为艺术馆的平面图案原型，将书法的笔画与建筑的功能空间相对应。同时， 美”字既为韩先生名字中的一字，又可理解为美学、艺术之美，具有写实与抽象的双重特性。
　　艺术馆坚持 以人为本”的发展理念，全体工作人员努力为大众提供最专业、最人性化的服务。在韩美林先生的艺术理念和建馆宗旨的引导下，艺术馆开馆至今一直实行免费参观制度，希望能够吸引更多的艺术爱好者前来感受创造之美。在这里，您不仅可以感受到美林先生自由的心，率真的爱，深厚的情和神奇的笔，还可以体悟一位艺术家的风雨人生，看到一位在各个艺术领域中均取得非凡成就的 全能型大家”的面貌。他就像一座活火山，不断喷涌着艺术的岩浆，永难停歇。如同韩美林先生所说：余此生只抓一个 艺”字为 耕”，收拾凡心，不思功名，不谋衣冠，上苍告诉我： 韩美林，你就是头牛，这辈子你就干活吧！”

参观须知

 * 未经允许，请勿在馆内拍照、摄像。
 * 入馆前请将随身包裹寄存，贵重物品自行保管。
 * 自觉保持环境卫生，请勿在馆内吸烟。
 * 为保持展厅安静，请勿大声喧哗。
 * 自觉爱护公共设施，请勿触摸展品，请勿攀爬躺卧，如有损坏须照价赔偿并承担相应法律责任。
 * 酗酒及衣冠不整者、携带宠物者、携带易燃易爆及危险品者谢绝入内参观。
 * 未成年人参观需由家长带领；老年、行动不便及身患疾病的观众请在保证个人安全的情况下进行参观。

"
"beijing","2013/4/21",,"14:30","16:30","网易公开课乐学汇","http://www.huodongxing.com/event/4170170558400",,"海淀  五道口 华清嘉园13楼1607室706青年空间",79,"讲座","你，是否有过这样相同的经历：在网络上搜罗了一堆的公开课视频，花了大半天时间下载整理，然后存放在电脑某个学习专用的硬盘里，然后……于是就没有然后了。 

你，是否有过这样类似的经历：独自一人在宿舍里学习，发现欣喜之处，想找个人分享一下思考，却无从开始；学习的兴趣越来越淡，越来越多的书被束之高阁~~



独学而无友，则孤陋而寡闻。

学习本来就是一件好玩的事情！你试或者不试，它始终在那学习，动起来才是硬道理！

学习，不是一个人的事情，是一群人的事情。

你需要——需要找到那群可以和你一起学习的人！

不妨来尝试一种新的学习模式，一种新的网络时代学习模式。

现在，我们为你提供这样的尝试可能性。

走，跟着网易公开课乐学汇和小控一起体验不同以 网”的成长模式！





What is 网易公开课乐学汇？

网易公开课——国内开放教育领跑者发起
集结大量优质开放教育资源，并以讨论、实践等形式让你提高资源利用率 
网络新时代，学习新方法！我们将为你在主流传统教育的大环境中打开一扇窗，带你进入不同以 网'的学习境界：发掘资源，资讯整合，自主计划，学你想学！


How would 小控进行这次活动？

Part1：案例分享网络社区？同城活动？线上小组？新媒体？TED、虎嗅、果壳、知乎、万有青年会、多贝、第九课堂？——什么东东？莫捉鸡，本环节将会有许多你的同龄人，分享他们的故事——如何用这些新鲜玩意儿玩转学习！

Part2：各类资源获取平台/渠道介绍  本环节让你系统感受各类开放课程和新型知识社区，感受不同以往的学习方式。就像为你描绘一张美妙的地图，当然你需要自己寻找属于你的道路！

Part3：现场小组workshop听了这么多，就要现学现卖啦现场工作坊，和小组一起行动起来玩转高效信息整合工具！属于你的第一步，属于你的一大步！

Web 2.0，学习不再孤独！



When&Where

活动时间：2012年4月21号（星期日）下午14：30~16：30

报名截止时间：4月18号（周四）下午5点
活动地点：706青年空间（五道口华清嘉园13楼1607室）


备注：为保证活动质量，本次活动人数控制在25人以内，审核通过会收到短信&邮件通知

         入场非706会员10元茶水费&场地费    706会员免费

          如有疑问或建议请联系闪闪18810594371 

-------------------------------------------------------------------------------------

讲座控是一个分享、传播讲座信息和青年创意活动的新媒体，同时也是一个线下青年活动平台，所做的一切只为让青年人更好地成长。

                                    网站地址：http://www.jiangzuokong.com/

                                    人人：http://www.renren.com/699127446

                                    微博：http://weibo.com/jiangzuokong"
"beijing","2013/6/22","2013/6/23","9:00","17:00","中国美术馆","http://www.namoc.org/",,"东城区五四大街1号",89,"人文","  中国美术馆是以收藏、研究、展示中国近现代艺术家作品为重点的国家造型艺术博物馆。1963年6月，毛泽东主席题写 中国美术馆”馆额，明确了中国美术馆的国家美术馆地位及办馆性质。主体大楼为仿古阁楼式，黄色琉璃瓦大屋顶，四周廊榭围绕，具有鲜明的民族建筑风格。主楼建筑面积18000多平方米 ，一至五层楼共有17个展览厅，展览总面积8300平方米，展线总长2110米，其中一层9个展厅，展览面积总和达5100平方米，展线长1400米；三层5个展厅，展览面积总和2000平方米，展线长429米；五层3个展厅，展览面积总和1200平方米，展线长235米。1995年主楼后新建现代化藏品库，面积4100平方米。

　  中国美术馆收藏各类美术作品10万余件，以新中国成立前后时期的作品为主，兼有明末、清代、民国初期艺术家的杰作。藏品主要为近现代美术精品，中国当代著名美术家的代表作品和重大美术展览获奖作品，以及丰富多彩的民间美术作品。藏品中有任伯年、吴昌硕、黄宾虹、齐白石、徐悲鸿、蒋兆和、司徒乔、李可染、吴作人、叶浅予、罗工柳、吴冠中等艺术家的作品。此外还有外国美术作品千余件。1999年，德国收藏家路德维希夫妇捐赠外国美术作品117件，包括4幅毕加索的油画。

　  中国美术馆的事业蓬勃发展，得益于政府支持及文化部的直接领导，政府成立了专项收藏资金，为美术馆收藏艺术珍品奠定了良好基础，而一些收藏家、艺术家们出自社会使命感和把艺术奉献大众的信念，向中国美术馆无私捐献，为中国美术馆藏品提供了更为丰富的资源。近年来，中国美术馆陆续接受了艺术家或家属捐赠的李平凡、刘迅、张仃、华君武、赵望云、唐一禾、滑田友、文楼、吴作人、靳尚谊、吴冠中等艺术家作品，馆藏品与日俱增。

　  建馆40多年来，中国美术馆已举办数千场具有影响的各类美术展览及国内外著名艺术家作品展览。在举办具有影响力的全国性展览外，影响较大的国际展览有： 美国哈默藏画500年名作原件展”、 法国19世纪农村风景画展”、 毕加索绘画原作展”、 德国表现主义版画展”、 罗丹艺术大展”、 夏加尔艺术大展”、 米罗东方精神艺术大展”、 奥地利国家博物馆藏品展”、 非洲艺术大展”、  达利艺术大展”、  法国印象派绘画珍品展”、 仲夏法兰西——北京”、  俄罗斯艺术300年——国立特列恰科夫美术博物馆珍品展” （ 2006中国俄罗斯年”重要展览之一）、 美国艺术三百年：适应与革新”、  意大利艺术·意大利生活” （ 2006中国意大利年”重要展览之一）、  从提香到戈雅——普拉多博物馆藏艺术珍品展” （ 2007年西班牙文化年”重要展览之一）。2008年举办的 盛世和光——敦煌艺术大展”打破了中国美术馆建馆以来的日参观量、月观众量和单项展览观众量三个记录，两个月内接待观众66万人次，中国美术馆已成为向大众实施美育的重要艺术殿堂。

　  为把中国美术馆建成真正国际水准的国家现代美术博物馆，2002年5月，我馆开始对主楼实施改造装修工程。2003年5月竣工，展厅设施、灯光照明、楼宇自控、恒温恒湿、消防报警、安全监控系统都达到了国内领先水平。改造后的新馆运用了现代建筑的新技术，对传统格局加以扩展，为民族建筑文脉增添了新的内涵。2003年7月23日 ，正值建馆40周年之际，中国美术馆重新开放，引起国内外艺术界的广泛关注。

　  为适应国家文化建设发展的要求，中国美术馆的扩建受到国务院的高度重视，已列入国家十一五规划，目前，各项筹备工作正在积极推进。

　  与此同时，中国美术馆的各项改革工作也在进行中，继续实施 开门办馆”的策略，组成了中国美术馆顾问委员会、中国美术馆艺术委员会、中国美术馆策展委员会、中国美术馆收藏评鉴委员会、中国美术馆展览资格评审小组；中国美术馆还将继续推进人事体制和分配机制的改革；继续加大收藏力度，丰富藏品种类；继续提高策划系列展、精品展的学术能力，打造国家美术馆品牌；继续强化公共教育职能，提高美术馆服务社会水平；继续盘活资源优势，开发延伸产业；继续加快建立 数字美术馆”和 流动美术馆”的进程。

　  中国美术馆现任馆长范迪安，领导成员还有游庆桥、马书林、梁江、谢小凡、胡伟。

 "
"beijing","2013/4/13",,"13:00","15:30","去马甸公园参加跑酷训练 免费","http://www.urbanmonkey.cn/",,"马甸公园",92,"运动","马甸公园户外训练很好玩哒～
热身训练后，会区分新人和老学员，新人可以从猫爬，平衡简单动作开始。
会有专业教练带领，从热身练习，体能，动作，到真实上墙。
有2座高墙，2米2和2米4，很好玩～
有教练有保护，还有笑眯眯的围观群众。
教练很帅哒～ 学员里面还有不少萝莉，欢迎来围观啊～

PS：请一定穿宽松运动服，听一定从教练指导，请不要独自尝试危险动作。
如果想要进一步学习，城市猴子在什刹海体操中心有跑酷和空翻培训课程。
但物超所值。
有各种软垫和海绵坑，方便安全练习。室内培训是收费的。

请量力而为，只接受18岁以上，健康适宜运动的成年人（有心脏病、癫痫症等不适宜跑酷运动的人员禁止加入）
公共微信:urbanmonkey_BJ   
新浪微博：北京城市猴子

跑酷是以日常生活的环境（多为城市）为运动的场所，常被归类为一种极限运动。它并没有既定规则，做这项运动的人只是将各种日常设施当作障碍物或辅助，在其间迅速跑跳穿行。

此运动是由法国的大卫·贝尔（David Belle）所创立，他认为能使人利用自身的本能，通过运动来增强身心对紧急情况的应变能力，这点和武术近似。不同之处是武术旨在格斗反击，而跑酷旨在紧急脱逃。跑酷不只是对身体有利，对思想也很重要，在练习时要非常专注，而能会让人渐渐明白怎么克服自己的恐惧和加强克服困难的能力，了解人是能不断提升自己和突破障碍。
"
"beijing","2013/4/20",,"13:00","15:30","去马甸公园参加跑酷训练 免费","http://www.urbanmonkey.cn/",,"马甸公园",92,"运动","马甸公园户外训练很好玩哒～
热身训练后，会区分新人和老学员，新人可以从猫爬，平衡简单动作开始。
会有专业教练带领，从热身练习，体能，动作，到真实上墙。
有2座高墙，2米2和2米4，很好玩～
有教练有保护，还有笑眯眯的围观群众。
教练很帅哒～ 学员里面还有不少萝莉，欢迎来围观啊～

PS：请一定穿宽松运动服，听一定从教练指导，请不要独自尝试危险动作。
如果想要进一步学习，城市猴子在什刹海体操中心有跑酷和空翻培训课程。
但物超所值。
有各种软垫和海绵坑，方便安全练习。室内培训是收费的。

请量力而为，只接受18岁以上，健康适宜运动的成年人（有心脏病、癫痫症等不适宜跑酷运动的人员禁止加入）
公共微信:urbanmonkey_BJ   
新浪微博：北京城市猴子

跑酷是以日常生活的环境（多为城市）为运动的场所，常被归类为一种极限运动。它并没有既定规则，做这项运动的人只是将各种日常设施当作障碍物或辅助，在其间迅速跑跳穿行。

此运动是由法国的大卫·贝尔（David Belle）所创立，他认为能使人利用自身的本能，通过运动来增强身心对紧急情况的应变能力，这点和武术近似。不同之处是武术旨在格斗反击，而跑酷旨在紧急脱逃。跑酷不只是对身体有利，对思想也很重要，在练习时要非常专注，而能会让人渐渐明白怎么克服自己的恐惧和加强克服困难的能力，了解人是能不断提升自己和突破障碍。
"
"beijing","2013/4/27",,"13:00","15:30","去马甸公园参加跑酷训练 免费","http://www.urbanmonkey.cn/",,"马甸公园",92,"运动","马甸公园户外训练很好玩哒～
热身训练后，会区分新人和老学员，新人可以从猫爬，平衡简单动作开始。
会有专业教练带领，从热身练习，体能，动作，到真实上墙。
有2座高墙，2米2和2米4，很好玩～
有教练有保护，还有笑眯眯的围观群众。
教练很帅哒～ 学员里面还有不少萝莉，欢迎来围观啊～

PS：请一定穿宽松运动服，听一定从教练指导，请不要独自尝试危险动作。
如果想要进一步学习，城市猴子在什刹海体操中心有跑酷和空翻培训课程。
但物超所值。
有各种软垫和海绵坑，方便安全练习。室内培训是收费的。

请量力而为，只接受18岁以上，健康适宜运动的成年人（有心脏病、癫痫症等不适宜跑酷运动的人员禁止加入）
公共微信:urbanmonkey_BJ   
新浪微博：北京城市猴子

跑酷是以日常生活的环境（多为城市）为运动的场所，常被归类为一种极限运动。它并没有既定规则，做这项运动的人只是将各种日常设施当作障碍物或辅助，在其间迅速跑跳穿行。

此运动是由法国的大卫·贝尔（David Belle）所创立，他认为能使人利用自身的本能，通过运动来增强身心对紧急情况的应变能力，这点和武术近似。不同之处是武术旨在格斗反击，而跑酷旨在紧急脱逃。跑酷不只是对身体有利，对思想也很重要，在练习时要非常专注，而能会让人渐渐明白怎么克服自己的恐惧和加强克服困难的能力，了解人是能不断提升自己和突破障碍。
"
"beijing","2013/5/4",,"13:00","15:30","去马甸公园参加跑酷训练 免费","http://www.urbanmonkey.cn/",,"马甸公园",92,"运动","马甸公园户外训练很好玩哒～
热身训练后，会区分新人和老学员，新人可以从猫爬，平衡简单动作开始。
会有专业教练带领，从热身练习，体能，动作，到真实上墙。
有2座高墙，2米2和2米4，很好玩～
有教练有保护，还有笑眯眯的围观群众。
教练很帅哒～ 学员里面还有不少萝莉，欢迎来围观啊～

PS：请一定穿宽松运动服，听一定从教练指导，请不要独自尝试危险动作。
如果想要进一步学习，城市猴子在什刹海体操中心有跑酷和空翻培训课程。
但物超所值。
有各种软垫和海绵坑，方便安全练习。室内培训是收费的。

请量力而为，只接受18岁以上，健康适宜运动的成年人（有心脏病、癫痫症等不适宜跑酷运动的人员禁止加入）
公共微信:urbanmonkey_BJ   
新浪微博：北京城市猴子

跑酷是以日常生活的环境（多为城市）为运动的场所，常被归类为一种极限运动。它并没有既定规则，做这项运动的人只是将各种日常设施当作障碍物或辅助，在其间迅速跑跳穿行。

此运动是由法国的大卫·贝尔（David Belle）所创立，他认为能使人利用自身的本能，通过运动来增强身心对紧急情况的应变能力，这点和武术近似。不同之处是武术旨在格斗反击，而跑酷旨在紧急脱逃。跑酷不只是对身体有利，对思想也很重要，在练习时要非常专注，而能会让人渐渐明白怎么克服自己的恐惧和加强克服困难的能力，了解人是能不断提升自己和突破障碍。
"
"beijing","2013/5/11",,"13:00","15:30","去马甸公园参加跑酷训练 免费","http://www.urbanmonkey.cn/",,"马甸公园",92,"运动","马甸公园户外训练很好玩哒～
热身训练后，会区分新人和老学员，新人可以从猫爬，平衡简单动作开始。
会有专业教练带领，从热身练习，体能，动作，到真实上墙。
有2座高墙，2米2和2米4，很好玩～
有教练有保护，还有笑眯眯的围观群众。
教练很帅哒～ 学员里面还有不少萝莉，欢迎来围观啊～

PS：请一定穿宽松运动服，听一定从教练指导，请不要独自尝试危险动作。
如果想要进一步学习，城市猴子在什刹海体操中心有跑酷和空翻培训课程。
但物超所值。
有各种软垫和海绵坑，方便安全练习。室内培训是收费的。

请量力而为，只接受18岁以上，健康适宜运动的成年人（有心脏病、癫痫症等不适宜跑酷运动的人员禁止加入）
公共微信:urbanmonkey_BJ   
新浪微博：北京城市猴子

跑酷是以日常生活的环境（多为城市）为运动的场所，常被归类为一种极限运动。它并没有既定规则，做这项运动的人只是将各种日常设施当作障碍物或辅助，在其间迅速跑跳穿行。

此运动是由法国的大卫·贝尔（David Belle）所创立，他认为能使人利用自身的本能，通过运动来增强身心对紧急情况的应变能力，这点和武术近似。不同之处是武术旨在格斗反击，而跑酷旨在紧急脱逃。跑酷不只是对身体有利，对思想也很重要，在练习时要非常专注，而能会让人渐渐明白怎么克服自己的恐惧和加强克服困难的能力，了解人是能不断提升自己和突破障碍。
"
"beijing","2013/5/18",,"13:00","15:30","去马甸公园参加跑酷训练 免费","http://www.urbanmonkey.cn/",,"马甸公园",92,"运动","马甸公园户外训练很好玩哒～
热身训练后，会区分新人和老学员，新人可以从猫爬，平衡简单动作开始。
会有专业教练带领，从热身练习，体能，动作，到真实上墙。
有2座高墙，2米2和2米4，很好玩～
有教练有保护，还有笑眯眯的围观群众。
教练很帅哒～ 学员里面还有不少萝莉，欢迎来围观啊～

PS：请一定穿宽松运动服，听一定从教练指导，请不要独自尝试危险动作。
如果想要进一步学习，城市猴子在什刹海体操中心有跑酷和空翻培训课程。
但物超所值。
有各种软垫和海绵坑，方便安全练习。室内培训是收费的。

请量力而为，只接受18岁以上，健康适宜运动的成年人（有心脏病、癫痫症等不适宜跑酷运动的人员禁止加入）
公共微信:urbanmonkey_BJ   
新浪微博：北京城市猴子

跑酷是以日常生活的环境（多为城市）为运动的场所，常被归类为一种极限运动。它并没有既定规则，做这项运动的人只是将各种日常设施当作障碍物或辅助，在其间迅速跑跳穿行。

此运动是由法国的大卫·贝尔（David Belle）所创立，他认为能使人利用自身的本能，通过运动来增强身心对紧急情况的应变能力，这点和武术近似。不同之处是武术旨在格斗反击，而跑酷旨在紧急脱逃。跑酷不只是对身体有利，对思想也很重要，在练习时要非常专注，而能会让人渐渐明白怎么克服自己的恐惧和加强克服困难的能力，了解人是能不断提升自己和突破障碍。
"
"beijing","2013/5/25",,"13:00","15:30","去马甸公园参加跑酷训练 免费","http://www.urbanmonkey.cn/",,"马甸公园",92,"运动","马甸公园户外训练很好玩哒～
热身训练后，会区分新人和老学员，新人可以从猫爬，平衡简单动作开始。
会有专业教练带领，从热身练习，体能，动作，到真实上墙。
有2座高墙，2米2和2米4，很好玩～
有教练有保护，还有笑眯眯的围观群众。
教练很帅哒～ 学员里面还有不少萝莉，欢迎来围观啊～

PS：请一定穿宽松运动服，听一定从教练指导，请不要独自尝试危险动作。
如果想要进一步学习，城市猴子在什刹海体操中心有跑酷和空翻培训课程。
但物超所值。
有各种软垫和海绵坑，方便安全练习。室内培训是收费的。

请量力而为，只接受18岁以上，健康适宜运动的成年人（有心脏病、癫痫症等不适宜跑酷运动的人员禁止加入）
公共微信:urbanmonkey_BJ   
新浪微博：北京城市猴子

跑酷是以日常生活的环境（多为城市）为运动的场所，常被归类为一种极限运动。它并没有既定规则，做这项运动的人只是将各种日常设施当作障碍物或辅助，在其间迅速跑跳穿行。

此运动是由法国的大卫·贝尔（David Belle）所创立，他认为能使人利用自身的本能，通过运动来增强身心对紧急情况的应变能力，这点和武术近似。不同之处是武术旨在格斗反击，而跑酷旨在紧急脱逃。跑酷不只是对身体有利，对思想也很重要，在练习时要非常专注，而能会让人渐渐明白怎么克服自己的恐惧和加强克服困难的能力，了解人是能不断提升自己和突破障碍。
"
"beijing","2013/6/1",,"13:00","15:30","去马甸公园参加跑酷训练 免费","http://www.urbanmonkey.cn/",,"马甸公园",92,"运动","马甸公园户外训练很好玩哒～
热身训练后，会区分新人和老学员，新人可以从猫爬，平衡简单动作开始。
会有专业教练带领，从热身练习，体能，动作，到真实上墙。
有2座高墙，2米2和2米4，很好玩～
有教练有保护，还有笑眯眯的围观群众。
教练很帅哒～ 学员里面还有不少萝莉，欢迎来围观啊～

PS：请一定穿宽松运动服，听一定从教练指导，请不要独自尝试危险动作。
如果想要进一步学习，城市猴子在什刹海体操中心有跑酷和空翻培训课程。
但物超所值。
有各种软垫和海绵坑，方便安全练习。室内培训是收费的。

请量力而为，只接受18岁以上，健康适宜运动的成年人（有心脏病、癫痫症等不适宜跑酷运动的人员禁止加入）
公共微信:urbanmonkey_BJ   
新浪微博：北京城市猴子

跑酷是以日常生活的环境（多为城市）为运动的场所，常被归类为一种极限运动。它并没有既定规则，做这项运动的人只是将各种日常设施当作障碍物或辅助，在其间迅速跑跳穿行。

此运动是由法国的大卫·贝尔（David Belle）所创立，他认为能使人利用自身的本能，通过运动来增强身心对紧急情况的应变能力，这点和武术近似。不同之处是武术旨在格斗反击，而跑酷旨在紧急脱逃。跑酷不只是对身体有利，对思想也很重要，在练习时要非常专注，而能会让人渐渐明白怎么克服自己的恐惧和加强克服困难的能力，了解人是能不断提升自己和突破障碍。
"
"beijing","2013/6/8",,"13:00","15:30","去马甸公园参加跑酷训练 免费","http://www.urbanmonkey.cn/",,"马甸公园",92,"运动","马甸公园户外训练很好玩哒～
热身训练后，会区分新人和老学员，新人可以从猫爬，平衡简单动作开始。
会有专业教练带领，从热身练习，体能，动作，到真实上墙。
有2座高墙，2米2和2米4，很好玩～
有教练有保护，还有笑眯眯的围观群众。
教练很帅哒～ 学员里面还有不少萝莉，欢迎来围观啊～

PS：请一定穿宽松运动服，听一定从教练指导，请不要独自尝试危险动作。
如果想要进一步学习，城市猴子在什刹海体操中心有跑酷和空翻培训课程。
但物超所值。
有各种软垫和海绵坑，方便安全练习。室内培训是收费的。

请量力而为，只接受18岁以上，健康适宜运动的成年人（有心脏病、癫痫症等不适宜跑酷运动的人员禁止加入）
公共微信:urbanmonkey_BJ   
新浪微博：北京城市猴子

跑酷是以日常生活的环境（多为城市）为运动的场所，常被归类为一种极限运动。它并没有既定规则，做这项运动的人只是将各种日常设施当作障碍物或辅助，在其间迅速跑跳穿行。

此运动是由法国的大卫·贝尔（David Belle）所创立，他认为能使人利用自身的本能，通过运动来增强身心对紧急情况的应变能力，这点和武术近似。不同之处是武术旨在格斗反击，而跑酷旨在紧急脱逃。跑酷不只是对身体有利，对思想也很重要，在练习时要非常专注，而能会让人渐渐明白怎么克服自己的恐惧和加强克服困难的能力，了解人是能不断提升自己和突破障碍。
"
"beijing","2013/6/15",,"13:00","15:30","去马甸公园参加跑酷训练 免费","http://www.urbanmonkey.cn/",,"马甸公园",92,"运动","马甸公园户外训练很好玩哒～
热身训练后，会区分新人和老学员，新人可以从猫爬，平衡简单动作开始。
会有专业教练带领，从热身练习，体能，动作，到真实上墙。
有2座高墙，2米2和2米4，很好玩～
有教练有保护，还有笑眯眯的围观群众。
教练很帅哒～ 学员里面还有不少萝莉，欢迎来围观啊～

PS：请一定穿宽松运动服，听一定从教练指导，请不要独自尝试危险动作。
如果想要进一步学习，城市猴子在什刹海体操中心有跑酷和空翻培训课程。
但物超所值。
有各种软垫和海绵坑，方便安全练习。室内培训是收费的。

请量力而为，只接受18岁以上，健康适宜运动的成年人（有心脏病、癫痫症等不适宜跑酷运动的人员禁止加入）
公共微信:urbanmonkey_BJ   
新浪微博：北京城市猴子

跑酷是以日常生活的环境（多为城市）为运动的场所，常被归类为一种极限运动。它并没有既定规则，做这项运动的人只是将各种日常设施当作障碍物或辅助，在其间迅速跑跳穿行。

此运动是由法国的大卫·贝尔（David Belle）所创立，他认为能使人利用自身的本能，通过运动来增强身心对紧急情况的应变能力，这点和武术近似。不同之处是武术旨在格斗反击，而跑酷旨在紧急脱逃。跑酷不只是对身体有利，对思想也很重要，在练习时要非常专注，而能会让人渐渐明白怎么克服自己的恐惧和加强克服困难的能力，了解人是能不断提升自己和突破障碍。
"
"beijing","2013/6/22",,"13:00","15:30","去马甸公园参加跑酷训练 免费","http://www.urbanmonkey.cn/",,"马甸公园",92,"运动","马甸公园户外训练很好玩哒～
热身训练后，会区分新人和老学员，新人可以从猫爬，平衡简单动作开始。
会有专业教练带领，从热身练习，体能，动作，到真实上墙。
有2座高墙，2米2和2米4，很好玩～
有教练有保护，还有笑眯眯的围观群众。
教练很帅哒～ 学员里面还有不少萝莉，欢迎来围观啊～

PS：请一定穿宽松运动服，听一定从教练指导，请不要独自尝试危险动作。
如果想要进一步学习，城市猴子在什刹海体操中心有跑酷和空翻培训课程。
但物超所值。
有各种软垫和海绵坑，方便安全练习。室内培训是收费的。

请量力而为，只接受18岁以上，健康适宜运动的成年人（有心脏病、癫痫症等不适宜跑酷运动的人员禁止加入）
公共微信:urbanmonkey_BJ   
新浪微博：北京城市猴子

跑酷是以日常生活的环境（多为城市）为运动的场所，常被归类为一种极限运动。它并没有既定规则，做这项运动的人只是将各种日常设施当作障碍物或辅助，在其间迅速跑跳穿行。

此运动是由法国的大卫·贝尔（David Belle）所创立，他认为能使人利用自身的本能，通过运动来增强身心对紧急情况的应变能力，这点和武术近似。不同之处是武术旨在格斗反击，而跑酷旨在紧急脱逃。跑酷不只是对身体有利，对思想也很重要，在练习时要非常专注，而能会让人渐渐明白怎么克服自己的恐惧和加强克服困难的能力，了解人是能不断提升自己和突破障碍。
"
"beijing","2013/6/29",,"13:00","15:30","去马甸公园参加跑酷训练 免费","http://www.urbanmonkey.cn/",,"马甸公园",92,"运动","马甸公园户外训练很好玩哒～
热身训练后，会区分新人和老学员，新人可以从猫爬，平衡简单动作开始。
会有专业教练带领，从热身练习，体能，动作，到真实上墙。
有2座高墙，2米2和2米4，很好玩～
有教练有保护，还有笑眯眯的围观群众。
教练很帅哒～ 学员里面还有不少萝莉，欢迎来围观啊～

PS：请一定穿宽松运动服，听一定从教练指导，请不要独自尝试危险动作。
如果想要进一步学习，城市猴子在什刹海体操中心有跑酷和空翻培训课程。
但物超所值。
有各种软垫和海绵坑，方便安全练习。室内培训是收费的。

请量力而为，只接受18岁以上，健康适宜运动的成年人（有心脏病、癫痫症等不适宜跑酷运动的人员禁止加入）
公共微信:urbanmonkey_BJ   
新浪微博：北京城市猴子

跑酷是以日常生活的环境（多为城市）为运动的场所，常被归类为一种极限运动。它并没有既定规则，做这项运动的人只是将各种日常设施当作障碍物或辅助，在其间迅速跑跳穿行。

此运动是由法国的大卫·贝尔（David Belle）所创立，他认为能使人利用自身的本能，通过运动来增强身心对紧急情况的应变能力，这点和武术近似。不同之处是武术旨在格斗反击，而跑酷旨在紧急脱逃。跑酷不只是对身体有利，对思想也很重要，在练习时要非常专注，而能会让人渐渐明白怎么克服自己的恐惧和加强克服困难的能力，了解人是能不断提升自己和突破障碍。
"
"beijing","2013/6/8","2013/6/9","6:00","22:00","去北海公园看海","http://you.ctrip.com/attraction_review-d1-s232-beihaigongyuan.html",,"北京市西城区文津街1号",89,"人文","北海公园(Beihai Park)，位于北京市中心区，城内景山西侧，在故宫的西北面，与中海、南海合称三海。属于中国古代皇家园林。全园以北海为中心，面积约71公顷，水面占583市亩，陆地占480市亩。这里原是辽、金、元建离宫，明、清辟为帝王御苑，是中国现存最古老、最完整、最具综合性和代表性的皇家园林之一，1925年开放为公园。是中国保留下来的最悠久最完整的皇家园林，为中国全国重点文物保护单位，是国家AAAA级旅游景区。
北海园林博采众长，有北方园林的宏阔气势和江南私家园林婉约多姿的风韵，并蓄帝王宫苑的富丽堂皇及宗教寺院的庄严肃穆，气象万千而又浑然一体，是中国园林艺术的瑰宝。琼华岛上树木苍郁，殿宇栉比，亭台楼阁，错落有致，白塔耸立山巅，成为公园的标志。
琼华岛简称琼岛，因岛上建有白塔，故又俗称 白塔山”。岛高32米，周长913米。琼华意指华丽的美玉，以此命名，表示该岛是用美玉建成的仙境宝岛。另据神话传说，琼华是琼树之花（华即花），生长在蓬莱仙岛上，人吃了可长生不老，此亦表示该岛是仿瑶池仙境建筑的。清初曾在山顶设置信炮台，由八旗军驻守，居高临下，瞭望全城，一旦有警，便可立即发出信号。
永安桥建于十三世纪时期的元代初年，是一座以雅洁、精巧取胜的连拱大石桥，起着连接与烘托琼岛的重要作用。在桥的南北两端，各竖彩绘牌坊一座，名为 积翠”和 堆云”。牌坊前还各设有一对石狮子，对称呼应，相映成趣。近年桥面和雕栏均修饰一新，在碧水、蓝天和巍峨白塔的映衬下，更是蔚为壮观。
永安寺建于清顺治八年（1651），原名白塔寺，乾隆八年（1743）改为永安寺。该寺依山就势而筑，共分三进三上殿宇，前殿名为 法轮殿”，殿前左右设有钟、鼓亭，殿内供释迦牟尼佛像。中殿 正觉殿”、上殿 普安殿”（白塔下），原为喇嘛诵经之所。该寺殿宇、佛像均被修饰一新，引人入胜。游客参观该寺和登白塔远眺京城全景，须另购票进入。
北海白塔：是一座藏式喇嘛塔。塔高35.9米，上圆下方，富有变化，为须弥山座式，塔顶设有宝盖、宝顶，并装饰有日、月及火焰花纹，以表示佛法象日、月那样光芒四射，永照大地。塔身正面有一盾形小龛，内塑红底黄字的藏文图案，含吉祥如意之意。此龛俗称眼光门，又叫时轮金刚门。1679年该塔被地震所毁，次年重建。1976年唐山地震波及北京，塔顶被损。在修复时，发现塔内主心木中藏有一个二寸见方的金漆盒子，盒盖绘有太极图，盒内藏有两舍利，证明此塔是一座舍利塔。该塔矗立于琼岛顶峰，绿荫拥簇，巍峨壮美，引人瞩目。象征神权的建筑物——白塔和永安寺，设置于琼岛的重要位置上，具有主宰全园的气势，以体现君权神授的思想，此是帝王宫苑的一大特色。
小帖士：每年7月中旬-8月底，是赏荷花的最佳时节。"
"beijing","2013/4/27","2013/4/28","8:30","16:40","去白云观溜达","http://you.ctrip.com/attraction_review-d1-s5178-baiyunguan.html",,"北京市西城区白云观街9号",78,"人文","白云观是道教全真第一丛林，也是龙门派祖庭，唐朝天长观是它的前身，直到明朝初年改名白云观。 现存白云观殿堂为明清时重修，分中东西三路及后院，规模宏大。祠堂院左右室壁上嵌有元代书法家赵孟烦书《道德》、《阴符》两经石刻。后院名云集园，院内以戒台和云集山房为中心，假山错落，绿树成荫，清新幽静，使人流连忘返。
白云观前身系唐代的天长观故墟，始建于唐开元二十九年（公元741年）。今白云观的老君坐像为当时所制石刻。金正隆五年（1160年）天长观遭兵火焚烧殆尽。金大定七年（1167年）重修，历时七载，至大定十四年（1174年）三月竣工。为庆贺殿宇落成，观内举行了三天三夜大道场，金世宗率百官大内臣前来观礼，并赐名曰 十方大天长观”，命当时著名道士阁德源为本观主持。
泰和二年（1202年）正月天长观不幸罹于火灾，仅余老君石像。翌年重修，建成后改名曰 太极宫”。元末，连年争战，长春宫原殿宇日渐衰圯，后重修工程改以处顺堂为中心展开，明初易名为白云观。清初在王常月方丈主持下对白云观又一次进行了大规模的重修，基本尊定了今日白云观之规模。1984年列为全国道教重点宫观，同时对外开放。中国道教协会、中国道教学院均设在此。
白云观的建筑分中、东、西三路及后院，规模宏大，布局紧凑。中路以山门外的照壁为起点，依次有照壁、牌楼、华表、山门、窝风桥、灵官殿、钟鼓楼、三官殿、财神殿、玉皇殿、救苦殿、药王殿、老律堂、邱祖殿和三清四御殿。
照壁又称影壁，位于观前，正对牌楼。壁上嵌有 万古长春”四个大字，为元代大书法家赵孟頫所书。其字体遒劲有力，令人叹赏不绝。
牌楼原为棂星门，是观中道士观星望气之所。后来棂星门演变为牌楼，已失去原来的观象作用。此牌楼建于明正统八年（1443年），为四柱七层、歇山式建筑。
山门为石砌的三券拱门，三个门洞象征着 三界”，跨进山门就意味着跳出 三界”，进入神仙洞府。山门石壁上雕刻着流云、仙鹤、花卉等图案，其刀法浑厚，造型精美。中间券门东侧浮雕中隐藏着一个巴掌大小的石猴，已被游人摸得锃亮。老北京有这样的传说： 神仙本无踪，只留石猴在观中。”这石猴便成了神仙的化身，来白云观的游人都要用手摸摸它，讨个吉利。观内共有小石猴三只，分别藏在不同的地方，若不诚心寻找，难以见到，故有 三猴不见面”之说。
灵官殿主祀道教护法神王灵官。神像为明代木雕，高约1.2米，比例适度，造型精美。红脸虬须，怒目圆睁，左手掐诀，右手执鞭，形象威猛。其左边墙壁上为赵公明和马胜画像，右边墙壁上为温琼和岳飞画像，这就是道教的四大护法元帅。
财神殿供奉三位财神，中为春神青帝，左为财神赵公明，右为武财神关羽。赵公明，亦称赵公元帅，元始天尊封为正一龙虎玄坛真君，统领招财、进宝、纳珍、利市四神。于是成为民间广泛供奉的财神。关羽，即关圣帝君，被民间广泛信仰，管辖范围极广，是一位全能之神，财神只是其形象之一。
玉皇殿奉祀玉皇大帝。神像为明代木雕，高约1.8米，身着九章法服，头戴十二行珠冠冕旒，手捧玉笏，端坐龙椅。神龛前及两边垂挂着许多幡条，上面绣有许多颜色各异的篆体 寿”字，一共是一百个，故称为 百寿幡”。左右两侧的六尊铜像均为明代万历年间所铸造，他们即是玉帝阶前的四位天师和二侍童。殿壁挂有南斗星君、北斗星君、三十六帅、二十八宿的绢丝工笔彩画共八幅，均为明清时代佳作。
老律堂原名七真殿。供奉全真七子，即全真派祖师王重阳的七大弟子：中座为邱处机，左边依次为刘处玄、谭处端、马钰，右座依次为王处一、郝大通、孙不二。清代高道王常月曾奉旨在此主讲道法，开坛传授戒律，求戒弟子遍及大江南北，道门玄风为之一振。后世为纪念这一盛事，便将七真殿改称 老律堂”，即传授戒律之殿堂。老律堂建筑面积较大，是观内道士举行宗教活动的地方。每天早晚道士们都要来到这里上殿诵经，逢道教节日或祖师圣诞，要在这里设坛举行斋醮法会。
三清四御殿为二层阁楼，上层奉三清，下层奉四御。三清像为明朝宣德年间所塑造，高2米余，神态安详超凡，色彩鲜艳如初，富丽而又不失古朴。四御即辅佐玉皇大帝的四位天帝：勾陈上宫天皇大帝、南极长生大帝、中天紫微北极大帝和后土皇地祇。这些都是清代中期泥塑金漆沥粉造像，高约1.5米。殿前院子中的鎏金铜鼎炉，为明嘉靖年间所铸造。香炉造型浑厚，周身雕铸着精美的云龙图案，共有43条金龙。
"
"shanghai","2013/4/24",,"19:00","21:00","GDG Meetup Android Night","http://www.chinagdg.com/forum.php?mod=viewthread&tid=1625",,"上海市浦东新区民生路1199弄证大五道口广场1号楼23楼 支付宝",96,"极客","非常值得去现场。可惜大猫不在上海。
翻滚羡慕能去现场的同学 T_T 

分享1：《如何在Fragment之中进行0耦合数据传递》
橙子Infinity:  技术大牛， 前安居客经理，手机狂人，创业ing..
        
分享2：《Android中Sync Adapter的使用和架构》
陆康：上海GDG(Google Developer Group)负责人之一, 组织Android高校之旅和Android Wednesday沙龙
        
分享3：《android中html5的开发》
evan:  eoe成员，资深Android开发者
"
"shanghai","2013/7/6","2013/7/7",,,"去文庙看孔子","http://www.confuciantemple.com/chinese/guanyu-wenmiao/wenmiao-jianjie.htm",,"文庙路215号",82,"人文","上海文庙是上海中心城区唯一的一座祭祀中国杰出的思想家，儒家文化创始人孔子的庙学合一的古建筑群，是源远流长的儒家文化圣地。自元至元三十一年（1294年）建文庙至今，已有700多年的历史。期间，四经迁徙，现址文庙移建于清咸丰五年（1855年）占地17亩许。是上海著名的名胜古迹，上海市文物保护单位。 
        上海文庙建筑群布局严谨，气势宏敞，极具民族特色。有两条纵轴线贯穿其中：一条是从棂星门、大成门、大成殿到崇圣祠，这是文庙的祭祀线。另一条是从学门、仪门、明伦堂到尊经阁，这是学宫线。文庙也称学宫，是古代上海的最高学府。东园内，儒学署、魁星阁、天光云影池连成一片，亭台楼台，错落有致；小桥流水，绿树掩映，具有浓厚的江南园林风格。
        上海文庙已建成固定的、规模型的尧缔茶壶展、奇石、赏石展根雕造型展，还有全本论语、明清楹联、上海县籍进士、古碑展示等四大碑刻系列展览，展品反映的中国传统文化思想理念，拓展了上海文庙的文化内涵，传承了儒学思想，是综合考察中国历史文化的又一场所。
        每周日大成殿广场上的上海文庙旧书交易市场，也已成为上海的一道著名的文化风景线，创办18年来，已成为 为读者找书，为书找读者”的淘书人的乐园、 精神食粮的仓储”。上海文庙举办的另一个 文庙书刊交易市场”，是明清街坊式书市，50多个书店各具特色，成为全市著名的图书批发第二渠道，二个市场的影响已波及到华东地区。  
  
地址：文庙路215号
邮编：200010
联系电话：63779101   63771815
传真：63779282
Email：wenmiaosh@163.com"
"shanghai","2013/4/20",,"10:00","18:00","全球移动游戏高峰论坛","http://www.headin.cn/chinabang/",,"五角场淞沪路388号创智天地广场7号楼",88,"讲座","2013 China Bang 中国帮”全球移动游戏高峰论坛介绍

中国的移动互联网又走过了一年。相比2011年的轰轰烈烈，2012年的中国互联网创业显得冷清了许多。除了微信的大放异彩，以及屈指可数的几个流行应用之外，2012年给各位用户，各位创业者，各位投资人留下了什么？
ChinaBang中国帮互联网创新年会的愿景一直没有变：关注创业生态圈，做中国最好的创业、创新公司的年度聚会。2013年的ChinaBang姗姗来迟，因为这一次，它将再次改变!
4月11日-12日，ChinaBang将在北京举行，主要包括三大版块：创新年会、年度大奖颁奖典礼和创业竞技场。
4月20日，China Bang将来到上海，创业基金会、创业接力将作为此次活动的联合主办方，与动点科技共同举办2013 China Bang  中国帮”全球移动游戏高峰论坛，将China Bang北京的热度延续。活动中，我们将邀请移动游戏领域的国际同行、业内领军人物以及产业上下游的优秀代表，共襄盛举。
此次活动分为主题演讲与圆桌论坛两大环节。在主题演讲部分，我们将邀请包括腾讯、百度、DeNA、91等与与会的观众共同分享移动游戏的产品、运营以及品牌建设。而知名海外移动游戏代表机构，愤怒的小鸟Rovio、植物大战僵尸Popcap等也将为我们带来国际视角的移动游戏开发和运营经验。
我们期待，关注、热爱或是从事移动游戏的你，一起来加入和关注此次的峰会，与我们共同探讨、交流关于移动游戏的那些事儿。
大会议程

第一部分:移动游戏产品运营与品牌建设

10:30-10:50 Mark Teo | Facebook | 移动游戏开放中的产品定位
10:50-11:10 王勇 | DeNA 中华区总裁 | 移动游戏的海外淘金之旅
11:10-11:30 陈树斌 | Google | 移动游戏也有自己的品牌营销之道
11:30-11:50 张宇 | 91无线副总裁 | 平台合作，移动游戏需要全球化么？
11:50-12:10 饶昊苏 | 360游久战略合作总监 | 手机游戏/攻略专区与主题社区的重要性
12:00-13:30 VIP 午餐
第二部分：如何打造经的住时间考验的移动游戏

主持人： 洪涛 | GameLook 创始人兼主编 / 游戏产业分析师
13:30-13:50 刘琨 | 植物大战僵尸 Popcap 中华区总经理 | 移动游戏如何生命长青？
13:50-14:10 吴波 | 慕和网络CEO | 成功移动游戏的幕后工作
14:10-15:30 沈烨 | 索乐软件CEO | 中国索乐之路
14:30-15:30 
圆桌论坛：移动游戏开放遇上云服务？ (主持人：张敏 | 雷锋网华东区负责人)

圆桌嘉宾：华琨 | UCloud 创始人兼COO   沈志华 | 又拍云存储联合创始人    蒋桦 | 友盟副总裁    戴亦斌 | Testin                  云测
15:30-16:40 
圆桌论坛： 移动游戏渠道交流 (主持人：胡皆欢 | 推游网主编兼创始人)

圆桌嘉宾：杨波 | 木蚂蚁应用市场 创始人    吴波 | 慕和网络CEO    胡莉 | UUCUN CEO    诸一楠 | 雪鲤鱼 COO                     陈艺超 | CWAN CEO
16:30-17:30 
圆桌论坛： 手机网游成功之道 (主持人：吴雪峰 | 天玩游戏创始人)

演讲嘉宾：陶宏祖 | 武侠OL 上海天循CEO   朱益 | 魔与道 上海乐多 CEO   徐博 | 君王2 上海美峰 副总裁   老刀99                  | 怪物X联盟 上海方寸运营副总"
"shanghai","2013/4/20",,"13:30","16:30","新兴社交媒体在招聘中的应用","http://www.headin.cn/Themes/Activity/Details/?activityId=5147dfa0869d0812c0cc6827",,"南京东路",70,"讲座","【HRTalk 第20期】新兴社交媒体在招聘中的应用——玩转LinkedIn

联合主办：HRPower.CN & 基摩村

协办：LinkedIn - China HR Network Group

活动前言：

调查显示，在过去的2012年中，北美市场约98%的招聘雇主利用社交媒体来物色公司所需的人才，这比2011年又进一步增长。

在2011年中，只有94%的招聘雇主利用了社交媒体来招聘员工，而此变化的主要原因就是因为雇主们对LinkedIn的使用量增加。

然而90%以上中国职业招聘者（HR/猎头）只用到了LinkedIn的不到10%功能！

为什么别的招聘者能轻而易举地进行跨国/跨地区/搜索？

为什么LinkedIn知道内部HR都不知道的企业秘密？

为什么有的公司能够不花钱却把Marketing做的风生水起？

作为一种工具LinkdeIn你会用吗？

还有什么其它尤其的社交媒体招聘渠道和工具？

主讲嘉宾：周欢 猎头服务平台基摩村村长、创始人

美国伊利诺大学MBA、计算机硕士复旦大学管理学士上海人才行业协会特聘专家，曾任上海SIPPEX运营总监，UBS风险管理部高级主管，德卡咨询管理合伙人。

LinkedIn链接数最多的中国招聘者

 参训企业：通用电气、福特汽车、通用汽车、联想、NBA、赛诺菲、索尼中国、毕马威、拜耳、博格华纳、麦肯光明、大都会人寿、妮维雅、搜狐等

主题内容：

第一部分：社交媒体招聘现状和渠道

                     社交招聘的工具简介

第二部分：LinkedIn为什么这么牛？

                     LinkedIn的游戏规则和秘密是什么？

                     企业招聘可以使用LinkedIn的哪些功能？

                     LinkedIn上的雇主品牌建设

                     LinkedIn的免费和付费功能简介

                     LinkedIn的企业和个人战略

                     LinkedIn的高级搜索技巧简介

第三部分：Q&A

活动流程：

13:30-13:55 签到、交流

13:55-14:00 主办方致辞

14:00-14:45 主题分享（一）

14:45-15:00 茶歇

15:00-15:45 主题分享（二）

15:45-16:15 Q&A

16:15-16:30 交流、结束

时 间：2013年4月20日（周六下午）13：30—17:00

地 点：待定（南京东路）

人 数：50-80人

咨 询：18121059975"
"shanghai","2013/4/16",,"18:30","21:00","移动互联网研发团队的技术管理实践探讨","http://www.headin.cn/Themes/Activity/Details/?activityId=51515b6f869d081dd8dabf3f",,"浦东软件园亮秀路112号Y1座浦软孵化器二楼-星点咖啡",78,"讲座","课程题目：移动互联网研发团队的技术管理实践探讨

传课网线上直播网址：http://t.cn/zTbV3Yh

线下课程地址(免费)： 上海浦东软件园亮秀路112号Y1座浦软孵化器二楼-星点咖啡

课程背景：  

      在移动互联网的快速成长中，一个移动应用研发团队（5~30）人，如何进行更好的协作和管理。在产品发展和成长的不同阶段，会面临什么样的问题，如何更有效的解决，如何进行项目管理，如何提升团队战斗力。这是想与大家一起探讨和分享的。我在负责Youni短信研发工作中，经历初创团队的艰辛，也经历高速发展期的痛苦，更加经历了 鸿沟期”的挣扎，这些磨难、磨练、以及经验，与大家一同分享探讨借鉴。（适合参与者：小型研发团队，特别是在做移动互联网产品的研发团队中的任何技术人员，不论是技术管理者，还是程序员，还是测试，还是运维）

讲师介绍：

胡长城（网名 银狐999”），盛大网络一名还经常写代码的技术总监，目前负责 Youni短信”移动应用的研发管理工作。从Youni短信的最开始的一名初创程序猿和架构狮，到目前负责研发的技术管理者，同时也作为团队中项目经理的导师，负责敏捷项目管理方法的推行。

课程大纲：

1，引言：移动互联网创新产品研发小团队，会大致经历哪些阶段（总括一下），Youni短信经历了哪些阶段。

2，初创期，我们遇到哪些问题，怎么解决和坚持过来的，也犯过哪些错误和疏漏

3，成长期，同上

4，鸿沟期，同上

5、探讨（可能是每一部分都会有小探讨）


时间安排： 

18：00 - 18：30：用餐，课前交流

18：30 - 19：00 : 自我介绍 , 课前小活动 

19：00 - 21：00 : 讲课  

 线下活动已改为签到审核模式 ， 通过我们审核的才能参加免费的线下活动。

获得批准的条件是：

1.  资料填写完整

2.  新浪微博/(or)腾讯微博/QQ空间/优士网/豆瓣网 转发分享我们的活动

3.   请在其他信息栏填写您的 新浪微博/(or)腾讯微博/QQ空间/优士网/豆瓣网等，昵称

4.  未通过审核的同学请不要直接前往现场

开源力量公开课合作伙伴 星点咖啡”：星点咖啡是坐落在浦东软件园的创业咖啡，关注星点咖啡微信账号starrycoffee,开源力量公开课活动参与者可获得享受9折优惠的会员卡。

开源力量公开课，每周二晚线上线下同时开课，向最牛X的开源技术专家学习！

订阅开源力量公开课，即时掌握最新开课信息： http://tinyurl.com/osforce "" 

活动背景：

开源（开放源代码）是人类最美好的品质在科技领域的体现，她饱含了人类开放、分享、协作、创新的精神。 开源力量公开课""的推出就是为了更好的推广开源技术，同时满足人们深入学习开源技术的需求。我们将邀请一线的开源技术专家，每次课程聚焦一个主题，每次课程时间两小时，每周二晚线上线下同时举行，让更多的人掌握开源技术。

关于开源力量公开课：

开源力量公开课致力于开源技术的传播和知识转移，提供开源领域的培训、咨询、技术支持等方位服务。

开源力量网站：http://www.osforce.cn 
开源力量新浪微博：@开源力量
联系组织者：书婷，电子邮件：sutie@teksource.cn ， 新浪微博：@sutie书婷  

地图导航：

最方便的是乘坐上海地铁二号线到金科路站下，3号口出，沿金科路向南至晨晖路向东，至亮秀路行至浦东软件园Y1座，楼下可见""Starry Coffee""，即目的地-星点咖啡,进楼可见""浦软孵化器""，步行上二楼即到。

 "
"shanghai","2013/5/14",,"18:30","21:00","HTTP协议相关的若干安全问题","http://www.headin.cn/Themes/Activity/Details/?activityId=515ba14b869d081b98928518",,"浦东软件园亮秀路112号Y1座浦软孵化器二楼-星点咖啡",76,"极客","课程题目：HTTP协议相关的若干安全问题

传课网线上直播网址：http://www.chuanke.com/s1109707-8170.html

线下课程地址(免费)： 上海浦东软件园亮秀路112号Y1座浦软孵化器二楼-星点咖啡

课程背景：  

      HTTP非常好用，功能强大，使用广泛。但是也伴随大量的安全问题，比如 SQL 注入, CSRF, XSS 等。在这次报告，我主要想讲讲 HTTP 协议层本身相关的安全问题，同时也希望能够帮助大家加深对 HTTP 协议本身的裂解。

讲师介绍：

李道兵，男，程序员。中文维基百科前管理员, Debian Developer, iso-codes 维护人员。对ruby, rails 和后端开发有兴趣。曾供职于金山，盛大，用 C++, Python, Java, Ruby 做过开发。https://github.com/lidaobing 

课程大纲：

1. GET 型 CSRF

2. POST 型 CSRF

3. 串号问题

4. OAuth 1.0 攻击

5. SSL

6. Same Origin Policy 与 跨域通信

时间安排： 

18：00 - 18：30：用餐，课前交流

18：30 - 19：00 : 自我介绍 , 课前小活动 

19：00 - 21：00 : 讲课  

 线下活动已改为签到审核模式 ， 通过我们审核的才能参加免费的线下活动。

获得批准的条件是：

1.  资料填写完整

2.  新浪微博/(or)腾讯微博/QQ空间/优士网/豆瓣网 转发分享我们的活动

3.   请在其他信息栏填写您的 新浪微博/(or)腾讯微博/QQ空间/优士网/豆瓣网等，昵称

4.  未通过审核的同学请不要直接前往现场

开源力量公开课合作伙伴 星点咖啡”：星点咖啡是坐落在浦东软件园的创业咖啡，关注星点咖啡微信账号starrycoffee,开源力量公开课活动参与者可获得享受9折优惠的会员卡。

开源力量公开课，每周二晚线上线下同时开课，向最牛X的开源技术专家学习！

订阅开源力量公开课，即时掌握最新开课信息： http://tinyurl.com/osforce "" 

活动背景：

开源（开放源代码）是人类最美好的品质在科技领域的体现，她饱含了人类开放、分享、协作、创新的精神。 开源力量公开课""的推出就是为了更好的推广开源技术，同时满足人们深入学习开源技术的需求。我们将邀请一线的开源技术专家，每次课程聚焦一个主题，每次课程时间两小时，每周二晚线上线下同时举行，让更多的人掌握开源技术。

关于开源力量公开课：

开源力量公开课致力于开源技术的传播和知识转移，提供开源领域的培训、咨询、技术支持等方位服务。

开源力量网站：http://www.osforce.cn 
开源力量新浪微博：@开源力量
联系组织者：书婷，电子邮件：sutie@teksource.cn ， 新浪微博：@sutie书婷  

地图导航：

最方便的是乘坐上海地铁二号线到金科路站下，3号口出，沿金科路向南至晨晖路向东，至亮秀路行至浦东软件园Y1座，楼下可见""Starry Coffee""，即目的地-星点咖啡,进楼可见""浦软孵化器""，步行上二楼即到。"
"shanghai","2013/4/20",,"14:30","17:30","GDG Android测试沙龙（免费）","http://www.headin.cn/Themes/Activity/Details/?activityId=5160ea36869d0859f4c30e77",," 铜仁路258号九安广场1楼(静安寺站地铁站下车)",78,"极客"," GDG Android测试沙龙是上海谷歌开发者社区(GDG Shanghai)举办的关于Android测试技术的系列活动，本次活动是第一期，本沙龙力争成为Andorid测试相关最专业，最具影响力的活动。本沙龙是免费活动，但由于场地有限，需要提前报名，敬请谅解。
 
活动规模: 60 人
活动形式:讲座+交流
 
特邀演讲嘉宾
 
陈晔 移动测试会创始人，移动互联网高级测试工程师。曾和富士康，华为，索尼爱立信等十几家项目合作。网络测试分享讲师。中国测试联盟成员之一。上海高校学生测试公益推广人。
 
chen ye
 
 
施懿民  拥有10年开发经验，组建及带领50人以上的团队为微软 .NET Developer Platform部分框架代码提供测试服务。团队负责的微软开发框架产品有: CLR,.NET,BCL,WPF,Silverlight, ASP.NET, .NET兼容性测试。在本科时也曾负责过给一些事业单位以及中小企业开发商业应用，包括电子商务平台，代理服务器计费平台，网络资料采集机器人等应用。
 
 
我可以从GDG Android测试沙龙得到什么?
 
1.了解移动互联网测试的一个发展
2.了解最新的测试行业的发展趋势
3.了解测试行业将来的发展方向
4.懂得如何真正的去考核一个测试人员
5.能够认识行业的优秀的测试人员
6.能够有机会结交创业伙伴
 
 
我不是测试人员，活动和我无关?
 
假如你是开发，假如你是产品经理，假如你是设计师，假如你是BOSS，只要你的生活中需要和测试人员打交道，那么，懂一些测试人员的Language，能帮助你更好地和测试人员沟通，提高效率。"
"shanghai","2013/4/23",,"18:30","21:00","开源力量公开课第十五期-Python入门指引","http://www.headin.cn/Themes/Activity/Details/?activityId=516138bb869d0859f4c3185f",," 浦东软件园亮秀路112号Y1座浦软孵化器二楼-星点咖啡",76,"讲座","课程题目：Python入门指引

传课网线上直播地址(免费)：http://t.cn/zTbKCHs

线下课程地址(免费)： 上海浦东软件园亮秀路112号Y1座浦软孵化器二楼-星点咖啡

课程背景：  Python的设计哲学是 优雅”、 明确”、 简单”。因此，Perl语言中 总是有多种方法来做同一件事”的理念在Python开发者中通常是难以忍受的。Python开发者的哲学是 用一种方法，最好是只有一种方法来做一件事”。在设计Python语言时，如果面临多种选择，Python开发者一般会拒绝花俏的语法，而选择明确的没有或者很少有歧义的语法。

讲师介绍：


许智翔(Shell909090)，有7年工作经验，擅长系统/安全，主要活跃在shlug和cpug社区。他曾主持过多个大型系统的设计和开发，是python-segment和uniproxy的作者，也是python-formalchemy和python-snappy的debian包维护者。
课程大纲：

1,安装
2,程序
3,包管理
4,web开发和部署


时间安排： 
18：00 - 18：30：用餐，课前交流

18：30 - 19：00 : 自我介绍 , 课前小活动 

19：00 - 21：00 : 讲课  

线下活动已改为签到审核模式 ， 通过我们审核的才能参加免费的线下活动。

获得批准的条件是：

1.  资料填写完整

2.  新浪微博/(or)腾讯微博/QQ空间/优士网/豆瓣网 转发分享我们的活动

3.   请在其他信息栏填写您的 新浪微博/(or)腾讯微博/QQ空间/优士网/豆瓣网等，昵称

4.  未通过审核的同学请不要直接前往现场

开源力量公开课合作伙伴 星点咖啡”：星点咖啡是坐落在浦东软件园的创业咖啡，关注星点咖啡微信账号starrycoffee,开源力量公开课活动参与者可获得享受9折优惠的会员卡。

"
"shanghai","2013/4/17",,"19:00","21:30","GDG活动 - python 沙龙（免费）","http://www.headin.cn/Themes/Activity/Details/?activityId=5162351b869d0859f471cf4e",,"上海静安区铜仁路258号九安广场1楼",80,"极客","主题一《为什么程序员应该学Python？》

Why Python? --- From the perspective of an average level programmer
演讲人：刁立知 资深开发者，PyConChina大会的演讲人
主题二《为什么初创企业应该选择Python？》

演讲人：Shell Xu 来自奇志科技，PyConChina大会的演讲人"
"shanghai","2013/6/22","2013/6/23",,,"去世纪大道溜达看夜景","http://you.ctrip.com/attraction_review-d2-s132459-shanghaishijidadao.html",,"东方明珠至浦东世纪公园",76,"人文","上海世纪大道，从东方明珠至浦东世纪公园全长约5.5公里，宽100米。 世纪大道是上海的城市景观大道，在设计的时候，将世纪大道中心线向南偏移10米，成为世界上独一无二的不对称道路，气势宏大，具有强烈的园林景观效果。同时，世纪大道也是第一条绿化和人行道比车行道宽的城市景观大道。
世纪大道目前已建有建筑雕塑主要有：世纪辰光、东方之光、五行等雕塑。同时简洁的造型配以精致的金属张拉结构小品，无论是立柱、还是长椅、护栏、灯杆及遮蔽棚都采用了统一的色调，成为标志性、特征性的色彩。
世纪辰光，位于上海世纪大道世纪大道与崂山西路的交汇处。以中国古计时器 沙漏”为原形，9根高低不一的不锈钢镶玻璃立柱 沙漏”，呈抛物线分布，构成行星轨迹。每隔2至5天，电泵就会把漏掉的沙再打上去。这座世界罕见的古代科技与浦东的现代建筑相得益彰，别具情趣。
东方之光，位于世纪大道杨高路交汇处开阔的环岛上，由法国设计师夏邦杰先生和陈逸飞先生创意，背靠大型广场的世纪公园，以原始日晷为原形，采用不锈钢管网架结构，显得既雄伟大气，又通透灵秀，令人联想到遥远的历史。
五行，其创意源自中国古代相生相克的哲学思想，以金、木、水、火、土5个甲骨文字造型为基本设计元素，5部分雕塑形象各异。"
"shanghai","2013/6/15","2013/6/16","9:00","17:00","去上海美术馆发呆","http://you.ctrip.com/attraction_review-d2-s18317-shanghai_art_museum.html",,"上海市黄浦区南京西路325号",79,"人文","上海美术展览馆，建筑面积17326平方米，始建于1933年，原为旧上海跑马场，1986年改为上海美术馆。改扩建工程完整地保留了这幢英式建筑原有的新古典主义特色外观，并根据美术馆的功能要求进行了内部改造，在设计上继承了欧式建筑的传统风格，并强调了明快的现代气息，是一座典雅、大方的艺术馆。
上海美术馆现有12个展厅，展览面积5800余平方米，配备了现代化的设施，为举办各类艺术展览提供了良好条件；而设备先进的演讲厅、会议室、图书馆、美术资料数据库及美术工作坊等，则为学术研讨和普及教育等活动提供了保证。此外，艺术书店、纪念品商店、画廊、咖啡屋等也为观众营造了充满艺术气息的休闲氛围。
上海美术馆现有藏品8000余件，依托收藏，积极开展了以中国近现代美术史为重点的理论研究和美术馆学的研究，并为收藏保管、陈列展览、教育推广、中外交流等业务工作的开展创造了条件。特别二年一届的 上海双年展”是中国最为重要的展览、学术活动之一，已成为具有一定国际影响的品牌项目。"
"shanghai","2013/4/27","2013/4/28",,,"去新天地溜达","http://you.ctrip.com/attraction_review-d2-s18739-xin_tian_di.html",,"上海市卢湾区黄陂南路",74,"人文","新天地位于淮海中路南侧，东至黄陂南路，西到马当路，北沿太仓路，南接自忠路，占地面积3万平方米，建筑面积6万平方米，是保留石库门建筑为主体的时尚新地标。这里有着欧式风情的休闲和娱乐总汇，汇集了各式的酒吧、餐厅和夜总会，是沪上较为小资的休闲娱乐场所。
白天，你可以看到很多中外游客来此观光、拍照留念。临近傍晚时分，这里更是弥漫着浪漫的欧式风情。露天的酒吧、咖啡吧最受年轻一族和老外们的欢迎。而一家家各具特色的餐饮店或是灯火辉煌，或是以微弱的灯光营造出一份浪漫的情调。此外，新天地里还有时装店等等。不过，要数餐饮生意更为红火。在里面逛了一圈之后，你还可以去就近的太平桥绿地，享受一下另一种风情。"
"shanghai","2013/6/1","2013/6/2","9:00","17:00","去上海博物馆看历史","http://baike.baidu.com/view/29714.htm",,"上海市黄浦区人民大道201号",76,"人文","上海博物馆是与北京、南京、西安齐名的中国四大博物馆之一，陈列面积12000平方米，开设12个专题陈列室，馆藏珍贵文物12万件，包括青铜器、陶瓷器、书法、绘画、玉牙器、竹木漆器、甲骨、玺印、少数民族工艺等21个门类，其中尤以青铜器、陶瓷器、书法、绘画为特色。
上博的青铜器主要是晚清以来江南几位收藏大家的一批流传有绪的名品，如著名的大克鼎等。上博陶瓷器的收藏集中了江南的大部分精品，史前时代的良渚文化细刻陶器，为稀见之品。原始青瓷的收藏，也是馆藏的特点。上博历代书画的地收藏，素有江南半壁江山之说。书法中，王献之的《鸭头丸贴》、唐高闲的《千字文卷》等，皆为一代的杰作。绘画中，唐孙位的《高逸图》、五代董源的《夏山图卷》等都是稀世之珍。至于明清两代画家作品的收藏，更为当代之冠。"
"shanghai","2013/4/20","2013/4/21",,,"去春天的鲁迅公园","http://you.ctrip.com/attraction_review-d2-s3748-luxun_park.html",,"上海市虹口区四川北路2288号",74,"人文","鲁迅公园，总面积22公顷，分为纪念瞻仰区、文娱活动区、风景游览区三大功能区域。园内建有鲁迅墓园、鲁迅纪念馆、纪念亭等纪念性主题景点，还有樱花园、友好钟座、松竹梅 、百鸟青山、湖光岛影、柳堤姿色等自然景点以及涉外旅游景点梅亭、梅园。鲁迅纪念馆于1951年建于公园内。
二十世纪初，这里是由英国园艺师设计的体育运动场所，初期称 虹口娱乐场”，1922年称 虹口公园”。1956年迁建了鲁迅墓园，1988年始称 鲁迅公园”。 经过半个世纪的改造和建设，不仅保留了英国自然风景园的布局形式，而且揉合了中国造园艺术。
鲁迅墓为全国重点文物保护单位1956年鲁迅逝世20周年时，鲁迅墓由万国公墓迁葬于此，馆内陈列品重点表现了鲁迅在上海10年的社会活动和文化生活。"
"shanghai","2013/5/4","2013/5/5",,,"看外白渡桥的夜景","http://you.ctrip.com/attraction_review-d2-s49765-garden_bridge.html",,"上海市黄浦区中山东一路",76,"人文","外白渡桥是旧上海标志性建筑之一，架设在上海苏州河与黄浦江汇合处，为钢架结构下承式桥，是一座全钢结构桥梁，连接着沪北、沪东的交通。桥有二孔，共长106.7米，车行道宽11.2米，两侧人行道各宽3.6米，经多次改造，现载重为20吨。透过外白渡桥沉重的钢架结构，可以看到东方明珠的炫丽灯光。
过去，苏州河近黄浦江的河口，一直靠摆渡过河。而且有好几个渡口，其中最靠河口的叫 外摆渡”。1856年，一个叫韦尔斯的英国人在外摆渡的位置造了一座木桥，就叫 外摆渡桥”。这座桥对外国人免费，对中国人则要收费，结果引起上海人民的反对。1873年，工部局在上游方向离 外摆渡桥”几十米的地方也造了一座木桥，取名 公园桥”，供市民免费通行，所以市民又把它叫作 外白渡桥”。就在这一年，原来那座 外摆渡桥”卖给了工部局后，被拆了。1906年，为适应有轨电车的通行，工部局将 外白渡桥”拆掉建铁桥，并于1907年建成通车。2008年4月，外白渡桥除桥墩以外部分被从原处拆下，并送往上海船厂进行大修，到2009年4月大桥以原貌回到原地。"
"shanghai","2013/6/29","2013/6/30",,,"去M50创意园看展览","http://you.ctrip.com/attraction_review-d2-s50314-m50chuangyiyuan.html",,"上海市普陀区莫干山路50号",74,"人文","M50是莫干山路50号的简称，位于苏州河南岸半岛地带，占地面积35.45亩，是原上海春明粗纺厂等纺织厂房改建而成的创意园区。这里现在有不少画廊、设计公司、餐厅、个性小店等，吸引着喜爱文化产业的游客前来游玩。
这里原来是信和棉纺厂、上海第十二毛纺织厂、上海春明粗纺厂等上世纪的厂房，2002年被上海市经委命名为 上海春明都市型工业园区”，2004年更名为 春明艺术产业园”。2005年4月被上海市经委挂牌为上海创意产业聚集区之一，命名为M50创意园。
几年来，M50吸引了包括英国、法国、意大利、瑞士、以色列、加拿大、挪威和中国香港在内的17个国家和地区以及来自国内十多个省市的130余位艺术家以及画廊、平面设计、建筑师事务所、影视制作、环境艺术设计、艺术品（首饰）设计等。这些艺术家及创意设计机构的入驻营造了苏州河沿岸浓厚的文化气息，众多的国内外游客慕名而来。
这里成功举办了2005上海国际服装文化节、2005时尚之夜、法国工商会、中国传统节日乙酉中秋论坛、宝马车展、诺基亚及西门子产品推广等一系列时尚活动，使之成为苏州河边独特的人文景观，成为上海时尚文化新地标。"
"shanghai","2013/5/18","2013/5/19",,,"去田子坊怀旧","http://you.ctrip.com/attraction_review-d2-s64755-tianzifang.html",,"上海市黄浦区泰康路210弄",76,"人文","田子坊是由泰康路的石库门建筑改造而成，是沪上创意园区的发源地。这里原是打浦桥地区的一条小街，自1998年政府市政改造后，一些艺术家、工作室和创意小店、餐厅便陆续入驻这里。如今这里是充满小资情调、适合摄影闲逛的时尚地标景点。
虽然有 新天地第二”之称，除了时尚的共性以外，田子坊展现给人们的更多的是上海亲切、温暖和嘈杂的一面。只要你在这条如今上海滩最有味道的弄堂里走一走，就不难体会田子坊与众不同的个性了。走在田子坊，迂回穿行在迷宫般的弄堂里，一家家特色小店和艺术作坊就这样在不经意间跳入你的视线。从茶馆、露天餐厅、露天咖啡座、画廊、家居摆设到手工艺品，以及众多沪上知名的创意工作室，可谓应有尽有。"
"shanghai","2013/5/11","2013/5/12",,,"去1933老场坊溜达","http://you.ctrip.com/attraction_review-d2-s64782-1933laochangfang.html",,"上海市虹口区溧阳路611号",80,"人文","1933老场坊是由原上海工部局宰牲场改建而成的创意产业集聚区，因建于1933年而得名。主楼建筑外方内圆的结构结合了欧洲古典建筑风格与装饰派风格，并运用了美丽的几何图形。建筑内高低错落的坡道与廊桥，形成了光线流动的神奇空间。这里继承了原有的结构体系和空间关系，由于自身的历史背景和建筑特质，赋予了其独有的魅力。
这幢大楼空间布局奇特，外方内园，东南西北4栋建筑围成的四方形厂区与中间一座24边形的主楼通过楼梯相连。整个建筑高低错落，廊道盘旋，设计精密宛如迷宫，却又次序分明，加工车间采用 无梁楼盖”，在当时是非常先进的技术。如今的创意园区见证着废旧的工业老厂房如何脱胎换骨在这个艺术觉醒的时代重获生机。如今这里是集餐饮娱乐、企业会展、新人婚纱拍摄等为一体的综合园区。
老场坊的建筑融汇了东西方特色，整体建筑可见古罗马巴西利卡式风格，而外圆内方的基本结构也暗合了中国风水学说中 天圆地方”的传统理念。 无梁楼盖”、 伞形柱”、 廊桥”、 旋梯” 牛道”等众多特色风格建筑融会贯通，光影和空间的无穷变幻呈现出一个独一无二的建筑奇葩。不同的季节，不同的时间，不同的角度，永远可以领略到1933老场坊不一样的风情。"
"shanghai","2013/6/8","2013/6/9","9:00","18:00","上海欢乐谷","http://you.ctrip.com/attraction_review-d2-s65957-happy_valley_shanghai.html",,"上海松江区林湖路888号",78,"人文","上海欢乐谷位于松江佘山旅游度假区，占地90公顷，是中国最大的主题公园，实行项目一票游玩制。上海欢乐谷由阳光港、欢乐时光、飓风湾、金矿镇、蚂蚁王国、上海滩、香格里拉七大主题区组成，共有娱乐及观赏项目百余项、顶级游乐设备12座。园内的主环道和水上游览线将各景点串联在一起。
上海欢乐谷拥有一批震撼性的新项目和过去不曾见到的全新文娱表演，包括国内首台木质过山车 谷木游龙”；旋转至60米高处再垂直跌落、冲入水中的世界顶级无底板跌落式过山车，单价超过1亿、摆动幅度在240度的自转式大摆锤；瞬间升空的双塔太空梭；让游客体验26米高空逃生经历的国内首座双座舱式天旋地转机等十余个国际最新的高科技顶级娱乐设备。另外深受欢迎的玛雅狂欢节、国际魔术节也在上海欢乐谷内展现。
友情提示：欢乐谷大门口处有免费索取游园地图，周末及节假日各游艺项目的排队人数众多，在安排游园线路时要适时变通，错峰游玩。为了玩到更多的游戏项目，可以自备干粮。欢乐谷整个园区占地很大，可选择代步工具（不包括在门票费用内）节省时间。有电瓶车、老爷车，也有观光的游船。"
"shanghai","2013/5/25","2013/5/26",,,"黄昏的时候，在外滩散步","http://you.ctrip.com/attraction_review-d2-s736-waitanwanguojianzhubolan.html",,"上海市黄浦区中山东一路",82,"人文","外滩万国建筑群北起北苏州路南至金陵东路，长约1800米，地形呈新月形，有 远东华尔街”之称。这里有著名的中国银行大楼、和平饭店、海关大楼、汇丰银行大楼等各个时期、不同风格的建筑，虽不是出自同一位设计师，它们的建筑色调却基本统一，成为外滩必有的景点之一。
外滩，自19世纪四十年代上海被辟为商埠后，就成为西方列强在上海的政治、金融、商务和文化中心，外国的银行、商行、总会云集于此。联合哥特式的尖顶、古希腊式的穹窿、巴洛克式的廊柱、西班牙式的阳台都可以在此看到。如今的上海总会大楼、友邦大厦等等还由其所在的的门牌号被亲切地称为外滩2号、外滩17号。
亚细亚大楼位于中山东一路1号，被誉为 外滩第一楼”，建成于1906年，原名麦克波恩大楼。其高8层，建筑面积11984平方米，占地1739平方米。大楼外观具有折中主义风格。立面为横三段、竖三段式。底段与上段均为巴洛克式造型，中段为现代主义建筑风格。大楼气派雄伟，简洁中不乏堂皇之气。可谓简繁相怡，华贵典雅。现为中国太平洋保险公司总部所在地。
东洋伦敦位于中山东一路2号， 东洋伦敦”是现东风饭店的别称，建于1910年，属于文艺复兴时期的建筑，外貌既效法美国古典主义，又参照日本帝国大厦，故而得此别称。其始建于中山一路2号时，是当时上海最豪华的俱乐部——上海总会。大楼一楼为餐厅，二楼为国际海员俱乐部，其余均为客房。整个饭店设施齐全，装修精美，不愧为商务住宿的理想选择。大楼中所使用别致的半圆形的铁栅栏电梯是西门子公司制造的，距今已有90年的历史。现为东风饭店所在地。
有利大楼中山东一路3号，原名联合大楼，为美国有利银行所有，故称有利银行大楼。大楼于1916年建成，楼高7层整体仿效文艺复兴建筑风格。窗框多采用巴洛克艺术富有旋转变化的图案，大门有爱奥尼克立柱装饰，高大的落地专窗既有利于采光，又增添楼宇气势。整幢建筑是以门为中心的轴对称图形。故而给人以平和的感受。现为新加坡佳通私人投资有限公司。
东西合璧的日清大楼位于中山东一路5号，将日本近代西洋建筑与古典建筑风格相揉和的日清大楼，被人们称为 日犹式”。该楼是由日本清汽船株式会社与犹太人合资建造。它建于1925年，楼高6层，占地1280平方米，底三层装饰比较简明，上三层有古典立柱和雕刻花饰，凹凸感强。整个建筑立面均用花岗石贴砌，与外滩的其他建筑交相辉映。现为华夏银行和锦都实业总公司使用。
中国通商银行大楼位于中山东一路6号，1897年，中国人自筹资金开设第一家银行——中国通商银行。该楼是一幢假四层的歌特式建筑。大楼第四层有五个尖顶层面，原先还有十字架。第三、四层有小尖塔。大楼第四层是尖券形的窗户，一、二层是典型歌特风格的花窗棂窗户。这幢即将走过一个世纪的欧式建筑的意义远不止停留在具历史性与艺术性。可以说，就是它在中国金融史上划上了开篇性的一页。现为香港侨福国际企业有限公司所在地。
大北电报公司大楼中山东一路7号，是一座文艺复兴式风格的大楼。该建筑注重统一、对称、稳重，外立面装饰甚为讲究。每层都采用了古典风格的柱子，或用来承重，或只作为装饰。窗户四周图形多样，立体感强，近似巴洛克式。它的黑顶白窗形成了鲜明的对比。同时也不失一种优雅的感觉。这楼是现在的盘谷银行上海分行，自1908年建成以来，它已四度易主，最早称为大北电报公司大楼。现为泰王国驻上海总领事馆和泰国盘谷银行上海分行所在地。
招商局大楼位于中山东一路9号，作为中国自己经营的第一家新式轮船企业——招商局就是在此期间创办的。招商局建于1901年，该楼宇为座西向东的三层砖木结构。底层正门框向外伸出，正门两侧有高敞的拱形落地窗，二、三层立面用古典柱式装饰。大楼局部外墙用花岗石贴面。招商局大楼可视为19世纪末20世纪初外滩建筑的典型。无论就具历史性或是艺术性而言，都值得我们前去观瞻一番。
上海市人民政府大楼和汇丰银行大楼位于中山东一路10-12号，属新希腊建筑，建于1923年，原系英商汇丰银行上海分行。英国当时将这座建筑自诩为从苏伊士运河到远东白令海峡的最讲究的建筑。建成时大楼门前放了两只引人注目的大铜狮，据说狮子铸成后，立刻就将铜模毁掉了。从而使这对铜狮成为绝版珍品，现已将其送入上海城市历史发展陈列馆。该楼八角形门厅的顶部，离地面20多米高处，有8幅由几十万块仅几平方厘米的彩色马赛克镶拼成的壁画。它宽4.3米，高2.4米，分别描绘了20世纪初上海、香港、伦敦、巴黎、纽约、东京、曼谷、加尔各答等8个城市的建筑风貌，并配有神话人物形象，还有24幅为神话故事中动物的形态，顶部巨大的神话故事壁画，总面积近200平方米。另有28根13米的意大利天然大理石石柱，其中4跟是没有拼接的巨石，据说世界上只有6根，另2根在法国卢浮宫内。现为浦东发展银行大楼所在地。"
"shanghai","2013/4/20",,"13:30","18:00","IxDC#体验设计公开课#4月20日","http://event.weibo.com/818960
",,"上海浦东新区博云路2号 浦软大厦 2楼",74,"讲座","由IxDC主办的 体验设计公开课”，联合浦软青年、UCDChina上海、BND读书会，于4月20日下午在上海（地点待补充）隆重举行。主题为 体验创新价值”，拟邀请来自互联网、移动互联网、手机终端、消费电子等多领域的嘉宾来分享，希望通过交互设计、体验创新等设计思维，帮助企业或个人认真思考用户行为，设计出满足用户需求的产品或作品，实现其商业价值、品牌价值、社会价值。

活动主题：体验创新价值

活动地点：上海市浦东新区博云路2号 浦软大厦 2楼

活动时间：4月20日，13:30-18:00

环节安排：

主办方： IxDC Awards及中国交互设计体验周介绍 （胡晓，IxDC秘书长）
演讲1： 张文新：Smart Home Trend Research（Ark Design，创新顾问/联合创始人）
演讲2： 黄晓靖（杨明洁设计顾问机构，策略总监）
演讲3： 简 驾：破·立，创新设计（百度MUX上海，负责人）
演讲4： 朱佳明： 唯变所适”——体验设计之路（FaceUI，创始人）
演讲5： 曹 新（华为设计中心）

互 动： 互动提问与抽奖

欢迎热爱交互设计、用户体验、体验设计的朋友们一起来参加！"
